Model,Accuracy (%),Time (s)
kNN,92.65367316341829,0.0023190180460611978
LR,80.50974512743629,0.0958717664082845
SVM,97.15142428785607,16.442057609558105
DT,80.8095952023988,0.008838017781575521
